{
  "id": "/subscriptions/cc9d9452-f445-4685-ac6f-e8beb0155992/resourceGroups/Shared-CI-RG/providers/Microsoft.Resources/deployments/Microsoft.Web-WebApp-Portal-d4e46b8d-95b5",
  "name": "Microsoft.Web-WebApp-Portal-d4e46b8d-95b5",
  "type": "Microsoft.Resources/deployments",
  "tags": {
    "primaryResourceId": "/subscriptions/cc9d9452-f445-4685-ac6f-e8beb0155992/resourcegroups/Shared-CI-RG/providers/Microsoft.Web/sites/advi",
    "marketplaceItemId": "Microsoft.WebSite"
  },
  "properties": {
    "templateHash": "11645289886113146189",
    "parameters": {
      "subscriptionId": {
        "type": "String",
        "value": "cc9d9452-f445-4685-ac6f-e8beb0155992"
      },
      "name": {
        "type": "String",
        "value": "advi"
      },
      "location": {
        "type": "String",
        "value": "Central India"
      },
      "hostingPlanName": {
        "type": "String",
        "value": "ASP-SharedCIRG-84ff"
      },
      "serverFarmResourceGroup": {
        "type": "String",
        "value": "Shared-CI-RG"
      },
      "alwaysOn": {
        "type": "Bool",
        "value": false
      },
      "sku": {
        "type": "String",
        "value": "Shared"
      },
      "skuCode": {
        "type": "String",
        "value": "D1"
      },
      "workerSize": {
        "type": "String",
        "value": "0"
      },
      "workerSizeId": {
        "type": "String",
        "value": "0"
      },
      "numberOfWorkers": {
        "type": "String",
        "value": "1"
      },
      "currentStack": {
        "type": "String",
        "value": "dotnetcore"
      },
      "phpVersion": {
        "type": "String",
        "value": "OFF"
      },
      "errorLink": {
        "type": "String",
        "value": "https://advi.scm.azurewebsites.net/detectors?type=tools&name=eventviewer"
      }
    },
    "mode": "Incremental",
    "debugSetting": {
      "detailLevel": "None"
    },
    "provisioningState": "Succeeded",
    "timestamp": "2020-10-24T18:24:28.9557541Z",
    "duration": "PT33.3801906S",
    "correlationId": "f4bed635-8566-4346-a2f9-00fd298ff33e",
    "providers": [
      {
        "namespace": "Microsoft.Web",
        "resourceTypes": [
          {
            "resourceType": "sites",
            "locations": [
              "centralindia"
            ]
          },
          {
            "resourceType": "serverfarms",
            "locations": [
              "centralindia"
            ]
          }
        ]
      },
      {
        "namespace": "microsoft.insights",
        "resourceTypes": [
          {
            "resourceType": "components",
            "locations": [
              "centralindia"
            ]
          }
        ]
      }
    ],
    "dependencies": [
      {
        "dependsOn": [
          {
            "id": "/subscriptions/cc9d9452-f445-4685-ac6f-e8beb0155992/resourceGroups/Shared-CI-RG/providers/microsoft.insights/components/advi",
            "resourceType": "microsoft.insights/components",
            "resourceName": "advi"
          },
          {
            "id": "/subscriptions/cc9d9452-f445-4685-ac6f-e8beb0155992/resourceGroups/Shared-CI-RG/providers/Microsoft.Web/serverfarms/ASP-SharedCIRG-84ff",
            "resourceType": "Microsoft.Web/serverfarms",
            "resourceName": "ASP-SharedCIRG-84ff"
          },
          {
            "id": "/subscriptions/cc9d9452-f445-4685-ac6f-e8beb0155992/resourceGroups/Shared-CI-RG/providers/microsoft.insights/components/advi",
            "resourceType": "microsoft.insights/components",
            "resourceName": "advi",
            "apiVersion": "2015-05-01"
          }
        ],
        "id": "/subscriptions/cc9d9452-f445-4685-ac6f-e8beb0155992/resourceGroups/Shared-CI-RG/providers/Microsoft.Web/sites/advi",
        "resourceType": "Microsoft.Web/sites",
        "resourceName": "advi"
      }
    ],
    "outputResources": [
      {
        "id": "/subscriptions/cc9d9452-f445-4685-ac6f-e8beb0155992/resourceGroups/Shared-CI-RG/providers/microsoft.insights/components/advi"
      },
      {
        "id": "/subscriptions/cc9d9452-f445-4685-ac6f-e8beb0155992/resourceGroups/Shared-CI-RG/providers/Microsoft.Web/serverfarms/ASP-SharedCIRG-84ff"
      },
      {
        "id": "/subscriptions/cc9d9452-f445-4685-ac6f-e8beb0155992/resourceGroups/Shared-CI-RG/providers/Microsoft.Web/sites/advi"
      }
    ],
    "validationLevel": "Template"
  }
}