[
  {
    "id": "/subscriptions/cc9d9452-f445-4685-ac6f-e8beb0155992/resourceGroups/Shared-CI-RG/providers/Microsoft.Resources/deployments/Microsoft.Web-WebApp-Portal-d4e46b8d-95b5/operations/A359B2F36BECF16A",
    "operationId": "A359B2F36BECF16A",
    "properties": {
      "provisioningOperation": "Create",
      "provisioningState": "Succeeded",
      "timestamp": "2020-10-24T18:24:28.6756324Z",
      "duration": "PT21.8317367S",
      "trackingId": "1417dd24-7d0f-4a64-9fc5-de10f08ee6e7",
      "statusCode": "OK",
      "targetResource": {
        "id": "/subscriptions/cc9d9452-f445-4685-ac6f-e8beb0155992/resourceGroups/Shared-CI-RG/providers/Microsoft.Web/sites/advi",
        "resourceType": "Microsoft.Web/sites",
        "resourceName": "advi"
      }
    }
  },
  {
    "id": "/subscriptions/cc9d9452-f445-4685-ac6f-e8beb0155992/resourceGroups/Shared-CI-RG/providers/Microsoft.Resources/deployments/Microsoft.Web-WebApp-Portal-d4e46b8d-95b5/operations/364CE2671984F3FC",
    "operationId": "364CE2671984F3FC",
    "properties": {
      "provisioningOperation": "Read",
      "provisioningState": "Succeeded",
      "timestamp": "2020-10-24T18:24:06.7910439Z",
      "duration": "PT9.3172218S",
      "trackingId": "ed7509b2-b41e-4b0d-b133-a02b3b564c6b",
      "statusCode": "OK",
      "targetResource": {
        "id": "/subscriptions/cc9d9452-f445-4685-ac6f-e8beb0155992/resourceGroups/Shared-CI-RG/providers/microsoft.insights/components/advi",
        "resourceType": "microsoft.insights/components",
        "resourceName": "advi",
        "apiVersion": "2015-05-01"
      }
    }
  },
  {
    "id": "/subscriptions/cc9d9452-f445-4685-ac6f-e8beb0155992/resourceGroups/Shared-CI-RG/providers/Microsoft.Resources/deployments/Microsoft.Web-WebApp-Portal-d4e46b8d-95b5/operations/ACA0FE70A9895B59",
    "operationId": "ACA0FE70A9895B59",
    "properties": {
      "provisioningOperation": "Create",
      "provisioningState": "Succeeded",
      "timestamp": "2020-10-24T18:24:06.6040541Z",
      "duration": "PT9.130232S",
      "trackingId": "79514ea6-e8bf-4889-9b02-2f27bc81008d",
      "statusCode": "OK",
      "targetResource": {
        "id": "/subscriptions/cc9d9452-f445-4685-ac6f-e8beb0155992/resourceGroups/Shared-CI-RG/providers/microsoft.insights/components/advi",
        "resourceType": "microsoft.insights/components",
        "resourceName": "advi"
      }
    }
  },
  {
    "id": "/subscriptions/cc9d9452-f445-4685-ac6f-e8beb0155992/resourceGroups/Shared-CI-RG/providers/Microsoft.Resources/deployments/Microsoft.Web-WebApp-Portal-d4e46b8d-95b5/operations/56B54FDF5FD5F59C",
    "operationId": "56B54FDF5FD5F59C",
    "properties": {
      "provisioningOperation": "Create",
      "provisioningState": "Succeeded",
      "timestamp": "2020-10-24T18:24:00.918864Z",
      "duration": "PT3.4450419S",
      "trackingId": "6be26e08-2561-42aa-8c50-51eaa5e71134",
      "statusCode": "OK",
      "targetResource": {
        "id": "/subscriptions/cc9d9452-f445-4685-ac6f-e8beb0155992/resourceGroups/Shared-CI-RG/providers/Microsoft.Web/serverfarms/ASP-SharedCIRG-84ff",
        "resourceType": "Microsoft.Web/serverfarms",
        "resourceName": "ASP-SharedCIRG-84ff"
      }
    }
  },
  {
    "id": "/subscriptions/cc9d9452-f445-4685-ac6f-e8beb0155992/resourceGroups/Shared-CI-RG/providers/Microsoft.Resources/deployments/Microsoft.Web-WebApp-Portal-d4e46b8d-95b5/operations/08585980430499020679",
    "operationId": "08585980430499020679",
    "properties": {
      "provisioningOperation": "EvaluateDeploymentOutput",
      "provisioningState": "Succeeded",
      "timestamp": "2020-10-24T18:24:28.9398513Z",
      "duration": "PT22.0959556S",
      "trackingId": "8843c350-8304-4b87-a657-1e16b45b9020",
      "statusCode": "OK"
    }
  }
]