{
    "$schema": "https://schema.management.azure.com/schemas/2015-01-01/deploymentParameters.json#",
    "contentVersion": "1.0.0.0",
    "parameters": {
        "subscriptionId": {
            "value": "cc9d9452-f445-4685-ac6f-e8beb0155992"
        },
        "name": {
            "value": "advi"
        },
        "location": {
            "value": "Central India"
        },
        "hostingPlanName": {
            "value": "ASP-SharedCIRG-84ff"
        },
        "serverFarmResourceGroup": {
            "value": "Shared-CI-RG"
        },
        "alwaysOn": {
            "value": false
        },
        "sku": {
            "value": "Shared"
        },
        "skuCode": {
            "value": "D1"
        },
        "workerSize": {
            "value": "0"
        },
        "workerSizeId": {
            "value": "0"
        },
        "numberOfWorkers": {
            "value": "1"
        },
        "currentStack": {
            "value": "dotnetcore"
        },
        "phpVersion": {
            "value": "OFF"
        },
        "errorLink": {
            "value": "https://advi.scm.azurewebsites.net/detectors?type=tools&name=eventviewer"
        }
    }
}